{
  "schema": "1.0",
  "type": "whmcs-gateways",
  "name": "dpo",
  "license": "proprietary",
  "category": "payments",
  "description": {
    "name": "DPO Group",
    "tagline": "DPO Group",
    "long": "DPO Group provides a payment service to merchants."
  },
  "logo": {
    "filename": "logo.png"
  },
  "support": {
    "docs_url": "https://github.com/DirectPay-Online/DPO_WHMCS"
  },
  "authors": [
    {
      "name": "DPO Group",
      "homepage": "https://www.dpogroup.com/africa/"
    }
  ]
}
